here's args ['../scripts/codon_opt_hb.py', 'R20.fasta', 'ecoli_codon_usage.txt']
>P3-C1,ACCTCCTGCGGCATTTAGAACCGATCTCGCACTCGGAGGCCCAGAGTGTTTGACTCGTCCGGTACGTACTTTGCCTGGTAGAAATCGGTAACCGAAgcagtgTGAGCCCGGAAGATGAGATTCAGCAGCTGGAAGAGGAGATTGCGCAACTGGAACAGAAGAACGCTGCCCTGAAGGAGAAGAACCAGGCGCTGAAATACGGTCCAGAgagaccTGGCTGAATCGCGCTg
>P4-C1,ACCTCCTGCGGCATTTAGAACCGATCTCGCACTCGGAGGCCCAGAGTGTTTGACTCGTCCGGTACGTACTTTGCCTGGTAGAAATCGGTAACCGAAgcagtgTGAGCCCTGAAGACAAGATCGCCCAGCTGAAGCAGAAGATTCAGGCACTGAAACAGGAGAACCAACAGCTGGAGGAAGAGAACGCGGCACTGGAATATGGCCCAGAgagaccTGGCTGAATCGCGCTg
>P5-C1,ACCTCCTGCGGCATTTAGAACCGATCTCGCACTCGGAGGCCCAGAGTGTTTGACTCGTCCGGTACGTACTTTGCCTGGTAGAAATCGGTAACCGAAgcagtgTGAGCCCGGAAGATGAGAATGCTGCTCTGGAAGAGAAGATTGCCCAGCTGAAACAGAAGAACGCGGCGCTGAAAGAAGAAATTCAAGCCCTGGAATATGGTCCAGAgagaccTGGCTGAATCGCGCTg
>P6-C1,ACCTCCTGCGGCATTTAGAACCGATCTCGCACTCGGAGGCCCAGAGTGTTTGACTCGTCCGGTACGTACTTTGCCTGGTAGAAATCGGTAACCGAAgcagtgTGTCGCCGGAGGATAAGAATGCGGCGCTGAAGGAGGAGATTCAGGCGCTGGAAGAGGAGAACCAAGCACTGGAGGAGAAGATTGCACAGCTGAAGTATGGTCCAGAgagaccTGGCTGAATCGCGCTg
>P7-C1,ACCTCCTGCGGCATTTAGAACCGATCTCGCACTCGGAGGCCCAGAGTGTTTGACTCGTCCGGTACGTACTTTGCCTGGTAGAAATCGGTAACCGAAgcagtgTGAGTCCGGAAGATGAGATCCAGGCACTGGAAGAGAAGAACGCGCAGCTGAAACAGGAGATTGCCGCGCTGGAAGAGAAGAACCAGGCCCTGAAATATGGCCCAGAgagaccTGGCTGAATCGCGCTg
>P8-C1,ACCTCCTGCGGCATTTAGAACCGATCTCGCACTCGGAGGCCCAGAGTGTTTGACTCGTCCGGTACGTACTTTGCCTGGTAGAAATCGGTAACCGAAgcagtgTGAGCCCGGAAGATAAGATCGCACAGCTGAAAGAAGAGAATCAGCAACTGGAACAGAAGATTCAGGCACTGAAAGAAGAGAACGCCGCCCTGGAATATGGCCCAGAgagaccTGGCTGAATCGCGCTg
>P9-C1,ACCTCCTGCGGCATTTGACTCCACAGATAGAACCGATCTCGCACTCGGAGGCCCAGAGTGTTTGACTCGTCCGGTACGTACTTTGCCTGGTAGAAATCGGTAACCGAAgcagtgTGGAGAATCAGGCGCTGGAGCAGAAGAATGCGCAACTGAAACAAGAGATTGCGGCGCTGGAGCAAGAAATTGCGCAGCTGGAGTATGGCCCAGAgagaccTGGCTGAATCGCGCTg
>P10-C1,ACCTCCTGCGGCATTTGACTCCACAGATAGAACCGATCTCGCACTCGGAGGCCCAGAGTGTTTGACTCGTCCGGTACGTACTTTGCCTGGTAGAAATCGGTAACCGAAgcagtgTGAAGAACGCCCAGCTGAAAGAAGAGAACGCCGCTCTGGAAGAGAAGATTCAACAGCTGAAAGAGAAGATCCAGGCGCTGAAATACGGCCCAGAgagaccTGGCTGAATCGCGCTg
>P11-C1,ACCTCCTGCGGCATTTGACTCCACAGATAGAACCGATCTCGCACTCGGAGGCCCAGAGTGTTTGACTCGTCCGGTACGTACTTTGCCTGGTAGAAATCGGTAACCGAAgcagtgTGGAGAACCAAGCGCTGGAACAGGAAATCGCTCAGCTGGAGCAGGAAATTGCCGCCCTGGAACAGAAGAACGCTCAACTGAAATACGGCCCAGAgagaccTGGCTGAATCGCGCTg
>P12-C1,ACCTCCTGCGGCATTTGACTCCACAGATAGAACCGATCTCGCACTCGGAGGCCCAGAGTGTTTGACTCGTCCGGTACGTACTTTGCCTGGTAGAAATCGGTAACCGAAgcagtgTGAAGAACGCACAACTGAAAGAGAAGATCGCTGCGCTGAAGGAGAAGATCCAGCAGCTGAAAGAAGAGAACCAGGCGCTGGAATATGGTCCAGAgagaccTGGCTGAATCGCGCTg
>P3mS-C1,ACCTCCTGCGGCATTTGACTCCACAGATAGAACCGATCTCGCACTCGGAGGCCCAGAGTGTTTGACTCGTCCGGTACGTACTTTGCCTGGTAGAAATCGGTAACCGAAgcagtgTGGAAATTCAGCAGCTGGAAGAAGAGATTAGCCAACTGGAACAGAAGAACTCGCAGCTGAAAGAGAAGAACCAACAACTGAAATATGGTCCAGAgagaccTGGCTGAATCGCGCTg
>P4mS-C1,ACCTCCTGCGGCATTTGACTCCACAGATAGAACCGATCTCGCACTCGGAGGCCCAGAGTGTTTGACTCGTCCGGTACGTACTTTGCCTGGTAGAAATCGGTAACCGAAgcagtgTGAAGATTAGCCAGCTGAAACAGAAGATCCAGCAACTGAAGCAGGAGAATCAACAGCTGGAAGAAGAAAATTCGCAACTGGAATACGGCCCAGAgagaccTGGCTGAATCGCGCTg
>P5mS-C1,ACCTCCTGCGGCATTTGACTCCACAGATAGAACCGATCTCGCACTCGGAGGCCCAGAGTGTTTGACTCGTCCGGTACGTACTTTGCCTGGTAGAAATCGGTAACCGAAgcagtgTGGAGAATAGTCAACTGGAGGAGAAGATCAGCCAACTGAAACAGAAGAACAGCCAACTGAAAGAAGAGATCCAACAGCTGGAGTACGGCCCAGAgagaccTGGCTGAATCGCGCTg
>P6mS-C1,ACCTCCTGCGGCATTTGACTCCACAGATAGAACCGATCTCGCACTCGGAGGCCCAGAGTGTTTGACTCGTCCGGTACGTACTTTGCCTGGTAGAAATCGGTAACCGAAgcagtgTGAAGAATAGCCAGCTGAAAGAAGAAATCCAGCAACTGGAAGAAGAGAACCAGCAGCTGGAAGAGAAGATCTCGCAGCTGAAATACGGTCCAGAgagaccTGGCTGAATCGCGCTg
>P7mS-C1,ACCTCCTGCGGCATTTGACTCCACAGATAGAACCGATCTCGCACTCGGAGGCCCAGAGTGTTTGACTCGTCCGGTACGTACTTTGCCTGGTAGAAATCGGTAACCGAAgcagtgTGGAAATCCAAAGCCTGGAAGAGAAGAACAGTCAGCTGAAACAAGAGATTAGCCAGCTGGAGGAGAAGAATCAACAGCTGAAGTATGGTCCAGAgagaccTGGCTGAATCGCGCTg
>P8mS-C1,ACCTCCTGCGGCATTTGACTCCACAGATAGAACCGATCTCGCACTCGGAGGCCCAGAGTGTTTGACTCGTCCGGTACGTACTTTGCCTGGTAGAAATCGGTAACCGAAgcagtgTGAAGATCTCGCAACTGAAAGAAGAGAATCAGCAACTGGAACAGAAGATTCAACAGCTGAAAGAAGAGAACAGCCAACTGGAGTATGGCCCAGAgagaccTGGCTGAATCGCGCTg
>P5SC1-C1,ACCTCCTGCGGCATTCTCCACAGATAGAACCGATCTCGCACTCGGAGGCCCAGAGTGTTTGACTCGTCCGGTACGTACTTTGCCTGGTAGAAATCGGTAACCGAAgcagtgTGGAGAATAGCCAGCTGGAAGAGAAGATTAGCCAACTGAAACAGAAGAACAGTCGCCTGAAAGAAGAAATTGCTCGCCTGGAATATGGTTGTCCAGAgagaccTGGCTGAATCGCGCTg
>P6SC1-C1,ACCTCCTGCGGCATTCTCCACAGATAGAACCGATCTCGCACTCGGAGGCCCAGAGTGTTTGACTCGTCCGGTACGTACTTTGCCTGGTAGAAATCGGTAACCGAAgcagtgTGAAGAACTCGCAGCTGAAAGAAGAGATTCAACAACTGGAGGAAGAGAATCAACAACTGGAAGAGAAGATCCGTCAGCTGAAATACGGTTGTCCAGAgagaccTGGCTGAATCGCGCTg
>P5SC2-C1,ACCTCCTGCGGCATTCTCCACAGATAGAACCGATCTCGCACTCGGAGGCCCAGAGTGTTTGACTCGTCCGGTACGTACTTTGCCTGGTAGAAATCGGTAACCGAAgcagtgTGGAGAACGCGCGCCTGGAGGAGAAGATTCGCCAACTGAAGCAGAAAAATTCGCAGCTGAAAGAGGAAATTCAGCAGCTGGAATACGGCTGTCCAGAgagaccTGGCTGAATCGCGCTg
>P6SC2-C1,ACCTCCTGCGGCATTCTCCACAGATAGAACCGATCTCGCACTCGGAGGCCCAGAGTGTTTGACTCGTCCGGTACGTACTTTGCCTGGTAGAAATCGGTAACCGAAgcagtgTGAAGAACGAGCGTCTGAAAGAGGAGATCCAGCGTCTGGAACAGGAGAACCAGCAGCTGGAGGAGAAGATCAGCCAGCTGAAATACGGCTGTCCAGAgagaccTGGCTGAATCGCGCTg
>P3_rev-C1,AGCGAAACCGTGCGTTTAACCGTATTTCAGCGCCTGGTTCTTCTCCTTCAGGGCAGCGTTCTTCTGTTCCAGTTGCGCAATCTCCTCTTCCAGCTGCTGAATCTCATCTTCCGGGCTaggAgaagagcTGCCTCAATCTAGTCTTCATTCGCAGACCTAGCCGGATCGACCGTGCTACCGTTTCCGTAAGCCGAAACCGGAGAGCAAGATCTGGGTGCGCATCCttcttc
>P4_rev-C1,AGCGAAACCGTGCGTTTAGCCATATTCCAGTGCCGCGTTCTCTTCCTCCAGCTGTTGGTTCTCCTGTTTCAGTGCCTGAATCTTCTGCTTCAGCTGGGCGATCTTGTCTTCAGGGCTaggAgaagagcTGCCTCAATCTAGTCTTCATTCGCAGACCTAGCCGGATCGACCGTGCTACCGTTTCCGTAAGCCGAAACCGGAGAGCAAGATCTGGGTGCGCATCCttcttc
>P5_rev-C1,AGCGAAACCGTGCGTTTAACCATATTCCAGGGCTTGAATTTCTTCTTTCAGCGCCGCGTTCTTCTGTTTCAGCTGGGCAATCTTCTCTTCCAGAGCAGCATTCTCATCTTCCGGGCTaggAgaagagcTGCCTCAATCTAGTCTTCATTCGCAGACCTAGCCGGATCGACCGTGCTACCGTTTCCGTAAGCCGAAACCGGAGAGCAAGATCTGGGTGCGCATCCttcttc
>P6_rev-C1,AGCGAAACCGTGCGTTTAACCATACTTCAGCTGTGCAATCTTCTCCTCCAGTGCTTGGTTCTCCTCTTCCAGCGCCTGAATCTCCTCCTTCAGCGCCGCATTCTTATCCTCCGGCGAaggAgaagagcTGCCTCAATCTAGTCTTCATTCGCAGACCTAGCCGGATCGACCGTGCTACCGTTTCCGTAAGCCGAAACCGGAGAGCAAGATCTGGGTGCGCATCCttcttc
>P7_rev-C1,AGCGAAACCGTGCGTTTAGCCATATTTCAGGGCCTGGTTCTTCTCTTCCAGCGCGGCAATCTCCTGTTTCAGCTGCGCGTTCTTCTCTTCCAGTGCCTGGATCTCATCTTCCGGACTaggAgaagagcTGCCTCAATCTAGTCTTCATTCGCAGACCTAGCCGGATCGACCGTGCTACCGTTTCCGTAAGCCGAAACCGGAGAGCAAGATCTGGGTGCGCATCCttcttc
>P8_rev-C1,AGCGAAACCGTGCGTTTAGCCATATTCCAGGGCGGCGTTCTCTTCTTTCAGTGCCTGAATCTTCTGTTCCAGTTGCTGATTCTCTTCTTTCAGCTGTGCGATCTTATCTTCCGGGCTaggAgaagagcTGCCTCAATCTAGTCTTCATTCGCAGACCTAGCCGGATCGACCGTGCTACCGTTTCCGTAAGCCGAAACCGGAGAGCAAGATCTGGGTGCGCATCCttcttc
>P9_rev-C1,AGCGAAACCGTGCGTTTAGCCATACTCCAGCTGCGCAATTTCTTGCTCCAGCGCCGCAATCTCTTGTTTCAGTTGCGCATTCTTCTGCTCCAGCGCCTGATTCTCaggAgaagagcTGCCTCAATCTAGTCTTCATTCGCAGACCTAGCCGGATCGACCGTGCTACCGTTTCCGTAAGCCGAAACCGGAGAGCAAGAGGGCGTCATACCTCTGGGTGCGCATCCttcttc
>P10_rev-C1,AGCGAAACCGTGCGTTTAGCCGTATTTCAGCGCCTGGATCTTCTCTTTCAGCTGTTGAATCTTCTCTTCCAGAGCGGCGTTCTCTTCTTTCAGCTGGGCGTTCTTaggAgaagagcTGCCTCAATCTAGTCTTCATTCGCAGACCTAGCCGGATCGACCGTGCTACCGTTTCCGTAAGCCGAAACCGGAGAGCAAGAGGGCGTCATACCTCTGGGTGCGCATCCttcttc
>P11_rev-C1,AGCGAAACCGTGCGTTTAGCCGTATTTCAGTTGAGCGTTCTTCTGTTCCAGGGCGGCAATTTCCTGCTCCAGCTGAGCGATTTCCTGTTCCAGCGCTTGGTTCTCaggAgaagagcTGCCTCAATCTAGTCTTCATTCGCAGACCTAGCCGGATCGACCGTGCTACCGTTTCCGTAAGCCGAAACCGGAGAGCAAGAGGGCGTCATACCTCTGGGTGCGCATCCttcttc
>P12_rev-C1,AGCGAAACCGTGCGTTTAACCATATTCCAGCGCCTGGTTCTCTTCTTTCAGCTGCTGGATCTTCTCCTTCAGCGCAGCGATCTTCTCTTTCAGTTGTGCGTTCTTaggAgaagagcTGCCTCAATCTAGTCTTCATTCGCAGACCTAGCCGGATCGACCGTGCTACCGTTTCCGTAAGCCGAAACCGGAGAGCAAGAGGGCGTCATACCTCTGGGTGCGCATCCttcttc
>P3mS_rev-C1,AGCGAAACCGTGCGTTTAACCATATTTCAGTTGTTGGTTCTTCTCTTTCAGCTGCGAGTTCTTCTGTTCCAGTTGGCTAATCTCTTCTTCCAGCTGCTGAATTTCaggAgaagagcTGCCTCAATCTAGTCTTCATTCGCAGACCTAGCCGGATCGACCGTGCTACCGTTTCCGTAAGCCGAAACCGGAGAGCAAGAGGGCGTCATACCTCTGGGTGCGCATCCttcttc
>P4mS_rev-C1,AGCGAAACCGTGCGTTTAGCCGTATTCCAGTTGCGAATTTTCTTCTTCCAGCTGTTGATTCTCCTGCTTCAGTTGCTGGATCTTCTGTTTCAGCTGGCTAATCTTaggAgaagagcTGCCTCAATCTAGTCTTCATTCGCAGACCTAGCCGGATCGACCGTGCTACCGTTTCCGTAAGCCGAAACCGGAGAGCAAGAGGGCGTCATACCTCTGGGTGCGCATCCttcttc
>P5mS_rev-C1,AGCGAAACCGTGCGTTTAGCCGTACTCCAGCTGTTGGATCTCTTCTTTCAGTTGGCTGTTCTTCTGTTTCAGTTGGCTGATCTTCTCCTCCAGTTGACTATTCTCaggAgaagagcTGCCTCAATCTAGTCTTCATTCGCAGACCTAGCCGGATCGACCGTGCTACCGTTTCCGTAAGCCGAAACCGGAGAGCAAGAGGGCGTCATACCTCTGGGTGCGCATCCttcttc
>P6mS_rev-C1,AGCGAAACCGTGCGTTTAACCGTATTTCAGCTGCGAGATCTTCTCTTCCAGCTGCTGGTTCTCTTCTTCCAGTTGCTGGATTTCTTCTTTCAGCTGGCTATTCTTaggAgaagagcTGCCTCAATCTAGTCTTCATTCGCAGACCTAGCCGGATCGACCGTGCTACCGTTTCCGTAAGCCGAAACCGGAGAGCAAGAGGGCGTCATACCTCTGGGTGCGCATCCttcttc
>P7mS_rev-C1,AGCGAAACCGTGCGTTTAACCATACTTCAGCTGTTGATTCTTCTCCTCCAGCTGGCTAATCTCTTGTTTCAGCTGACTGTTCTTCTCTTCCAGGCTTTGGATTTCaggAgaagagcTGCCTCAATCTAGTCTTCATTCGCAGACCTAGCCGGATCGACCGTGCTACCGTTTCCGTAAGCCGAAACCGGAGAGCAAGAGGGCGTCATACCTCTGGGTGCGCATCCttcttc
>P8mS_rev-C1,AGCGAAACCGTGCGTTTAGCCATACTCCAGTTGGCTGTTCTCTTCTTTCAGCTGTTGAATCTTCTGTTCCAGTTGCTGATTCTCTTCTTTCAGTTGCGAGATCTTaggAgaagagcTGCCTCAATCTAGTCTTCATTCGCAGACCTAGCCGGATCGACCGTGCTACCGTTTCCGTAAGCCGAAACCGGAGAGCAAGAGGGCGTCATACCTCTGGGTGCGCATCCttcttc
>P5SC1_rev-C1,AGCGAAACCGTGCGTTTAACAACCATATTCCAGGCGAGCAATTTCTTCTTTCAGGCGACTGTTCTTCTGTTTCAGTTGGCTAATCTTCTCTTCCAGCTGGCTATTCTCaggAgaagagcTGCCTCAATCTAGTCTTCATTCGCAGACCTAGCCGGATCGACCGTGCTACCGTTTCCGTAAGCCGAAACCGGAGAGCAAGAGGGCGTCATTCTGGGTGCGCATCCttcttc
>P6SC1_rev-C1,AGCGAAACCGTGCGTTTAACAACCGTATTTCAGCTGACGGATCTTCTCTTCCAGTTGTTGATTCTCTTCCTCCAGTTGTTGAATCTCTTCTTTCAGCTGCGAGTTCTTaggAgaagagcTGCCTCAATCTAGTCTTCATTCGCAGACCTAGCCGGATCGACCGTGCTACCGTTTCCGTAAGCCGAAACCGGAGAGCAAGAGGGCGTCATTCTGGGTGCGCATCCttcttc
>P5SC2_rev-C1,AGCGAAACCGTGCGTTTAACAGCCGTATTCCAGCTGCTGAATTTCCTCTTTCAGCTGCGAATTTTTCTGCTTCAGTTGGCGAATCTTCTCCTCCAGGCGCGCGTTCTCaggAgaagagcTGCCTCAATCTAGTCTTCATTCGCAGACCTAGCCGGATCGACCGTGCTACCGTTTCCGTAAGCCGAAACCGGAGAGCAAGAGGGCGTCATTCTGGGTGCGCATCCttcttc
>P6SC2_rev-C1,AGCGAAACCGTGCGTTTAACAGCCGTATTTCAGCTGGCTGATCTTCTCCTCCAGCTGCTGGTTCTCCTGTTCCAGACGCTGGATCTCCTCTTTCAGACGCTCGTTCTTaggAgaagagcTGCCTCAATCTAGTCTTCATTCGCAGACCTAGCCGGATCGACCGTGCTACCGTTTCCGTAAGCCGAAACCGGAGAGCAAGAGGGCGTCATTCTGGGTGCGCATCCttcttc
>P3-C2,GACGTGCGGAGGTGATAGAACCGATCTCGCACTCGGAGGCCCAGAGTGTTTGACTCGTCCGGTACGTACTTTGCCTGGTAGAAATCGGTAACCGAAgcagtgTGTCGCCGGAAGATGAGATTCAGCAGCTGGAGGAAGAAATCGCGCAGCTGGAACAGAAGAACGCGGCCCTGAAAGAGAAGAATCAAGCCCTGAAGTATGGCCCAGAgagaccTGTGCTCGTGGTGGAg
>P4-C2,GACGTGCGGAGGTGATAGAACCGATCTCGCACTCGGAGGCCCAGAGTGTTTGACTCGTCCGGTACGTACTTTGCCTGGTAGAAATCGGTAACCGAAgcagtgTGTCGCCGGAGGACAAGATCGCCCAACTGAAACAGAAGATTCAGGCACTGAAGCAGGAGAATCAACAACTGGAAGAAGAGAACGCCGCGCTGGAATACGGTCCAGAgagaccTGTGCTCGTGGTGGAg
>P5-C2,GACGTGCGGAGGTGATAGAACCGATCTCGCACTCGGAGGCCCAGAGTGTTTGACTCGTCCGGTACGTACTTTGCCTGGTAGAAATCGGTAACCGAAgcagtgTGTCGCCGGAAGACGAGAACGCCGCACTGGAAGAGAAGATTGCACAGCTGAAACAGAAGAACGCGGCTCTGAAGGAAGAAATTCAAGCACTGGAATATGGCCCAGAgagaccTGTGCTCGTGGTGGAg
>P6-C2,GACGTGCGGAGGTGATAGAACCGATCTCGCACTCGGAGGCCCAGAGTGTTTGACTCGTCCGGTACGTACTTTGCCTGGTAGAAATCGGTAACCGAAgcagtgTGAGCCCGGAAGACAAGAACGCTGCTCTGAAAGAGGAAATCCAGGCGCTGGAAGAAGAGAACCAGGCCCTGGAGGAGAAGATCGCCCAGCTGAAATACGGCCCAGAgagaccTGTGCTCGTGGTGGAg
>P7-C2,GACGTGCGGAGGTGATAGAACCGATCTCGCACTCGGAGGCCCAGAGTGTTTGACTCGTCCGGTACGTACTTTGCCTGGTAGAAATCGGTAACCGAAgcagtgTGAGCCCAGAGGACGAAATCCAGGCGCTGGAAGAGAAGAACGCACAACTGAAACAGGAGATTGCGGCGCTGGAAGAGAAGAATCAGGCTCTGAAATACGGCCCAGAgagaccTGTGCTCGTGGTGGAg
>P8-C2,GACGTGCGGAGGTGATAGAACCGATCTCGCACTCGGAGGCCCAGAGTGTTTGACTCGTCCGGTACGTACTTTGCCTGGTAGAAATCGGTAACCGAAgcagtgTGAGCCCTGAAGATAAGATCGCGCAGCTGAAAGAAGAGAACCAGCAGCTGGAGCAGAAGATCCAGGCCCTGAAAGAAGAGAACGCAGCACTGGAGTATGGTCCAGAgagaccTGTGCTCGTGGTGGAg
>P9-C2,GACGTGCGGAGGTGATGACTCCACAGATAGAACCGATCTCGCACTCGGAGGCCCAGAGTGTTTGACTCGTCCGGTACGTACTTTGCCTGGTAGAAATCGGTAACCGAAgcagtgTGGAGAACCAGGCGCTGGAACAGAAGAATGCTCAACTGAAACAGGAAATTGCCGCACTGGAACAGGAGATTGCTCAGCTGGAATATGGTCCAGAgagaccTGTGCTCGTGGTGGAg
>P10-C2,GACGTGCGGAGGTGATGACTCCACAGATAGAACCGATCTCGCACTCGGAGGCCCAGAGTGTTTGACTCGTCCGGTACGTACTTTGCCTGGTAGAAATCGGTAACCGAAgcagtgTGAAGAACGCCCAGCTGAAAGAAGAGAACGCGGCCCTGGAAGAGAAGATCCAACAGCTGAAAGAGAAGATTCAGGCACTGAAGTACGGCCCAGAgagaccTGTGCTCGTGGTGGAg
>P11-C2,GACGTGCGGAGGTGATGACTCCACAGATAGAACCGATCTCGCACTCGGAGGCCCAGAGTGTTTGACTCGTCCGGTACGTACTTTGCCTGGTAGAAATCGGTAACCGAAgcagtgTGGAGAATCAAGCCCTGGAACAAGAAATTGCGCAGCTGGAACAGGAAATTGCCGCCCTGGAACAGAAGAATGCTCAGCTGAAATATGGTCCAGAgagaccTGTGCTCGTGGTGGAg
>P12-C2,GACGTGCGGAGGTGATGACTCCACAGATAGAACCGATCTCGCACTCGGAGGCCCAGAGTGTTTGACTCGTCCGGTACGTACTTTGCCTGGTAGAAATCGGTAACCGAAgcagtgTGAAGAATGCACAGCTGAAAGAGAAGATCGCTGCGCTGAAAGAGAAGATTCAGCAGCTGAAGGAAGAGAATCAAGCTCTGGAGTACGGTCCAGAgagaccTGTGCTCGTGGTGGAg
>P3mS-C2,GACGTGCGGAGGTGATGACTCCACAGATAGAACCGATCTCGCACTCGGAGGCCCAGAGTGTTTGACTCGTCCGGTACGTACTTTGCCTGGTAGAAATCGGTAACCGAAgcagtgTGGAAATTCAGCAGCTGGAAGAAGAAATCAGCCAGCTGGAGCAGAAGAATAGTCAACTGAAAGAGAAGAACCAGCAACTGAAATACGGTCCAGAgagaccTGTGCTCGTGGTGGAg
>P4mS-C2,GACGTGCGGAGGTGATGACTCCACAGATAGAACCGATCTCGCACTCGGAGGCCCAGAGTGTTTGACTCGTCCGGTACGTACTTTGCCTGGTAGAAATCGGTAACCGAAgcagtgTGAAGATTTCGCAACTGAAACAGAAGATTCAGCAACTGAAACAGGAGAATCAGCAGCTGGAGGAGGAGAACAGCCAGCTGGAATATGGCCCAGAgagaccTGTGCTCGTGGTGGAg
>P5mS-C2,GACGTGCGGAGGTGATGACTCCACAGATAGAACCGATCTCGCACTCGGAGGCCCAGAGTGTTTGACTCGTCCGGTACGTACTTTGCCTGGTAGAAATCGGTAACCGAAgcagtgTGGAGAACAGCCAGCTGGAGGAGAAGATCAGCCAGCTGAAACAGAAGAATAGCCAGCTGAAGGAGGAGATCCAGCAACTGGAATATGGCCCAGAgagaccTGTGCTCGTGGTGGAg
>P6mS-C2,GACGTGCGGAGGTGATGACTCCACAGATAGAACCGATCTCGCACTCGGAGGCCCAGAGTGTTTGACTCGTCCGGTACGTACTTTGCCTGGTAGAAATCGGTAACCGAAgcagtgTGAAGAATAGTCAGCTGAAAGAGGAAATTCAACAGCTGGAAGAAGAGAATCAACAGCTGGAAGAGAAGATTTCGCAACTGAAATACGGTCCAGAgagaccTGTGCTCGTGGTGGAg
>P7mS-C2,GACGTGCGGAGGTGATGACTCCACAGATAGAACCGATCTCGCACTCGGAGGCCCAGAGTGTTTGACTCGTCCGGTACGTACTTTGCCTGGTAGAAATCGGTAACCGAAgcagtgTGGAAATCCAGAGCCTGGAAGAGAAAAATTCGCAACTGAAACAGGAAATCAGCCAGCTGGAGGAGAAGAACCAGCAACTGAAGTATGGTCCAGAgagaccTGTGCTCGTGGTGGAg
>P8mS-C2,GACGTGCGGAGGTGATGACTCCACAGATAGAACCGATCTCGCACTCGGAGGCCCAGAGTGTTTGACTCGTCCGGTACGTACTTTGCCTGGTAGAAATCGGTAACCGAAgcagtgTGAAGATTAGCCAGCTGAAAGAAGAGAACCAGCAACTGGAACAGAAGATCCAGCAGCTGAAGGAGGAGAACAGCCAGCTGGAATATGGCCCAGAgagaccTGTGCTCGTGGTGGAg
>P5SC1-C2,GACGTGCGGAGGTGACTCCACAGATAGAACCGATCTCGCACTCGGAGGCCCAGAGTGTTTGACTCGTCCGGTACGTACTTTGCCTGGTAGAAATCGGTAACCGAAgcagtgTGGAGAATAGCCAGCTGGAAGAGAAGATTTCGCAACTGAAACAGAAGAATAGTCGTCTGAAAGAAGAAATTGCTCGTCTGGAATATGGTTGTCCAGAgagaccTGTGCTCGTGGTGGAg
>P6SC1-C2,GACGTGCGGAGGTGACTCCACAGATAGAACCGATCTCGCACTCGGAGGCCCAGAGTGTTTGACTCGTCCGGTACGTACTTTGCCTGGTAGAAATCGGTAACCGAAgcagtgTGAAGAACTCGCAACTGAAAGAGGAAATTCAACAACTGGAGGAAGAGAACCAGCAACTGGAGGAGAAGATTCGTCAACTGAAATATGGCTGTCCAGAgagaccTGTGCTCGTGGTGGAg
>P5SC2-C2,GACGTGCGGAGGTGACTCCACAGATAGAACCGATCTCGCACTCGGAGGCCCAGAGTGTTTGACTCGTCCGGTACGTACTTTGCCTGGTAGAAATCGGTAACCGAAgcagtgTGGAGAACGCTCGCCTGGAAGAGAAGATTCGTCAACTGAAGCAGAAGAACAGCCAACTGAAAGAAGAAATTCAACAGCTGGAGTACGGCTGCCCAGAgagaccTGTGCTCGTGGTGGAg
>P6SC2-C2,GACGTGCGGAGGTGACTCCACAGATAGAACCGATCTCGCACTCGGAGGCCCAGAGTGTTTGACTCGTCCGGTACGTACTTTGCCTGGTAGAAATCGGTAACCGAAgcagtgTGAAGAACGAGCGTCTGAAAGAAGAAATTCAACGCCTGGAACAAGAGAACCAACAGCTGGAAGAGAAGATCTCGCAGCTGAAATATGGCTGCCCAGAgagaccTGTGCTCGTGGTGGAg
>P3_rev-C2,TGTCCCAGGTCGCAGTTAGCCATACTTCAGGGCTTGATTCTTCTCTTTCAGGGCCGCGTTCTTCTGTTCCAGCTGCGCGATTTCTTCCTCCAGCTGCTGAATCTCATCTTCCGGCGAaggAgaagagcTGCCTCAATCTAGTCTTCATTCGCAGACCTAGCCGGATCGACCGTGCTACCGTTTCCGTAAGCCGAAACCGGAGAGCAAGACCGTGCCACAACTCGttcttc
>P4_rev-C2,TGTCCCAGGTCGCAGTTAACCGTATTCCAGCGCGGCGTTCTCTTCTTCCAGTTGTTGATTCTCCTGCTTCAGTGCCTGAATCTTCTGTTTCAGTTGGGCGATCTTGTCCTCCGGCGAaggAgaagagcTGCCTCAATCTAGTCTTCATTCGCAGACCTAGCCGGATCGACCGTGCTACCGTTTCCGTAAGCCGAAACCGGAGAGCAAGACCGTGCCACAACTCGttcttc
>P5_rev-C2,TGTCCCAGGTCGCAGTTAGCCATATTCCAGTGCTTGAATTTCTTCCTTCAGAGCCGCGTTCTTCTGTTTCAGCTGTGCAATCTTCTCTTCCAGTGCGGCGTTCTCGTCTTCCGGCGAaggAgaagagcTGCCTCAATCTAGTCTTCATTCGCAGACCTAGCCGGATCGACCGTGCTACCGTTTCCGTAAGCCGAAACCGGAGAGCAAGACCGTGCCACAACTCGttcttc
>P6_rev-C2,TGTCCCAGGTCGCAGTTAGCCGTATTTCAGCTGGGCGATCTTCTCCTCCAGGGCCTGGTTCTCTTCTTCCAGCGCCTGGATTTCCTCTTTCAGAGCAGCGTTCTTGTCTTCCGGGCTaggAgaagagcTGCCTCAATCTAGTCTTCATTCGCAGACCTAGCCGGATCGACCGTGCTACCGTTTCCGTAAGCCGAAACCGGAGAGCAAGACCGTGCCACAACTCGttcttc
>P7_rev-C2,TGTCCCAGGTCGCAGTTAGCCGTATTTCAGAGCCTGATTCTTCTCTTCCAGCGCCGCAATCTCCTGTTTCAGTTGTGCGTTCTTCTCTTCCAGCGCCTGGATTTCGTCCTCTGGGCTaggAgaagagcTGCCTCAATCTAGTCTTCATTCGCAGACCTAGCCGGATCGACCGTGCTACCGTTTCCGTAAGCCGAAACCGGAGAGCAAGACCGTGCCACAACTCGttcttc
>P8_rev-C2,TGTCCCAGGTCGCAGTTAACCATACTCCAGTGCTGCGTTCTCTTCTTTCAGGGCCTGGATCTTCTGCTCCAGCTGCTGGTTCTCTTCTTTCAGCTGCGCGATCTTATCTTCAGGGCTaggAgaagagcTGCCTCAATCTAGTCTTCATTCGCAGACCTAGCCGGATCGACCGTGCTACCGTTTCCGTAAGCCGAAACCGGAGAGCAAGACCGTGCCACAACTCGttcttc
>P9_rev-C2,TGTCCCAGGTCGCAGTTAACCATATTCCAGCTGAGCAATCTCCTGTTCCAGTGCGGCAATTTCCTGTTTCAGTTGAGCATTCTTCTGTTCCAGCGCCTGGTTCTCaggAgaagagcTGCCTCAATCTAGTCTTCATTCGCAGACCTAGCCGGATCGACCGTGCTACCGTTTCCGTAAGCCGAAACCGGAGAGCAAGAGGGCGTCATACCCCGTGCCACAACTCGttcttc
>P10_rev-C2,TGTCCCAGGTCGCAGTTAGCCGTACTTCAGTGCCTGAATCTTCTCTTTCAGCTGTTGGATCTTCTCTTCCAGGGCCGCGTTCTCTTCTTTCAGCTGGGCGTTCTTaggAgaagagcTGCCTCAATCTAGTCTTCATTCGCAGACCTAGCCGGATCGACCGTGCTACCGTTTCCGTAAGCCGAAACCGGAGAGCAAGAGGGCGTCATACCCCGTGCCACAACTCGttcttc
>P11_rev-C2,TGTCCCAGGTCGCAGTTAACCATATTTCAGCTGAGCATTCTTCTGTTCCAGGGCGGCAATTTCCTGTTCCAGCTGCGCAATTTCTTGTTCCAGGGCTTGATTCTCaggAgaagagcTGCCTCAATCTAGTCTTCATTCGCAGACCTAGCCGGATCGACCGTGCTACCGTTTCCGTAAGCCGAAACCGGAGAGCAAGAGGGCGTCATACCCCGTGCCACAACTCGttcttc
>P12_rev-C2,TGTCCCAGGTCGCAGTTAACCGTACTCCAGAGCTTGATTCTCTTCCTTCAGCTGCTGAATCTTCTCTTTCAGCGCAGCGATCTTCTCTTTCAGCTGTGCATTCTTaggAgaagagcTGCCTCAATCTAGTCTTCATTCGCAGACCTAGCCGGATCGACCGTGCTACCGTTTCCGTAAGCCGAAACCGGAGAGCAAGAGGGCGTCATACCCCGTGCCACAACTCGttcttc
>P3mS_rev-C2,TGTCCCAGGTCGCAGTTAACCGTATTTCAGTTGCTGGTTCTTCTCTTTCAGTTGACTATTCTTCTGCTCCAGCTGGCTGATTTCTTCTTCCAGCTGCTGAATTTCaggAgaagagcTGCCTCAATCTAGTCTTCATTCGCAGACCTAGCCGGATCGACCGTGCTACCGTTTCCGTAAGCCGAAACCGGAGAGCAAGAGGGCGTCATACCCCGTGCCACAACTCGttcttc
>P4mS_rev-C2,TGTCCCAGGTCGCAGTTAGCCATATTCCAGCTGGCTGTTCTCCTCCTCCAGCTGCTGATTCTCCTGTTTCAGTTGCTGAATCTTCTGTTTCAGTTGCGAAATCTTaggAgaagagcTGCCTCAATCTAGTCTTCATTCGCAGACCTAGCCGGATCGACCGTGCTACCGTTTCCGTAAGCCGAAACCGGAGAGCAAGAGGGCGTCATACCCCGTGCCACAACTCGttcttc
>P5mS_rev-C2,TGTCCCAGGTCGCAGTTAGCCATATTCCAGTTGCTGGATCTCCTCCTTCAGCTGGCTATTCTTCTGTTTCAGCTGGCTGATCTTCTCCTCCAGCTGGCTGTTCTCaggAgaagagcTGCCTCAATCTAGTCTTCATTCGCAGACCTAGCCGGATCGACCGTGCTACCGTTTCCGTAAGCCGAAACCGGAGAGCAAGAGGGCGTCATACCCCGTGCCACAACTCGttcttc
>P6mS_rev-C2,TGTCCCAGGTCGCAGTTAACCGTATTTCAGTTGCGAAATCTTCTCTTCCAGCTGTTGATTCTCTTCTTCCAGCTGTTGAATTTCCTCTTTCAGCTGACTATTCTTaggAgaagagcTGCCTCAATCTAGTCTTCATTCGCAGACCTAGCCGGATCGACCGTGCTACCGTTTCCGTAAGCCGAAACCGGAGAGCAAGAGGGCGTCATACCCCGTGCCACAACTCGttcttc
>P7mS_rev-C2,TGTCCCAGGTCGCAGTTAACCATACTTCAGTTGCTGGTTCTTCTCCTCCAGCTGGCTGATTTCCTGTTTCAGTTGCGAATTTTTCTCTTCCAGGCTCTGGATTTCaggAgaagagcTGCCTCAATCTAGTCTTCATTCGCAGACCTAGCCGGATCGACCGTGCTACCGTTTCCGTAAGCCGAAACCGGAGAGCAAGAGGGCGTCATACCCCGTGCCACAACTCGttcttc
>P8mS_rev-C2,TGTCCCAGGTCGCAGTTAGCCATATTCCAGCTGGCTGTTCTCCTCCTTCAGCTGCTGGATCTTCTGTTCCAGTTGCTGGTTCTCTTCTTTCAGCTGGCTAATCTTaggAgaagagcTGCCTCAATCTAGTCTTCATTCGCAGACCTAGCCGGATCGACCGTGCTACCGTTTCCGTAAGCCGAAACCGGAGAGCAAGAGGGCGTCATACCCCGTGCCACAACTCGttcttc
>P5SC1_rev-C2,TGTCCCAGGTCGCAGTTAACAACCATATTCCAGACGAGCAATTTCTTCTTTCAGACGACTATTCTTCTGTTTCAGTTGCGAAATCTTCTCTTCCAGCTGGCTATTCTCaggAgaagagcTGCCTCAATCTAGTCTTCATTCGCAGACCTAGCCGGATCGACCGTGCTACCGTTTCCGTAAGCCGAAACCGGAGAGCAAGAGGGCGTCATCCGTGCCACAACTCGttcttc
>P6SC1_rev-C2,TGTCCCAGGTCGCAGTTAACAGCCATATTTCAGTTGACGAATCTTCTCCTCCAGTTGCTGGTTCTCTTCCTCCAGTTGTTGAATTTCCTCTTTCAGTTGCGAGTTCTTaggAgaagagcTGCCTCAATCTAGTCTTCATTCGCAGACCTAGCCGGATCGACCGTGCTACCGTTTCCGTAAGCCGAAACCGGAGAGCAAGAGGGCGTCATCCGTGCCACAACTCGttcttc
>P5SC2_rev-C2,TGTCCCAGGTCGCAGTTAGCAGCCGTACTCCAGCTGTTGAATTTCTTCTTTCAGTTGGCTGTTCTTCTGCTTCAGTTGACGAATCTTCTCTTCCAGGCGAGCGTTCTCaggAgaagagcTGCCTCAATCTAGTCTTCATTCGCAGACCTAGCCGGATCGACCGTGCTACCGTTTCCGTAAGCCGAAACCGGAGAGCAAGAGGGCGTCATCCGTGCCACAACTCGttcttc
>P6SC2_rev-C2,TGTCCCAGGTCGCAGTTAGCAGCCATATTTCAGCTGCGAGATCTTCTCTTCCAGCTGTTGGTTCTCTTGTTCCAGGCGTTGAATTTCTTCTTTCAGACGCTCGTTCTTaggAgaagagcTGCCTCAATCTAGTCTTCATTCGCAGACCTAGCCGGATCGACCGTGCTACCGTTTCCGTAAGCCGAAACCGGAGAGCAAGAGGGCGTCATCCGTGCCACAACTCGttcttc
>P3-C3,ACGCCTGTGTCTGGTTAGAACCGATCTCGCACTCGGAGGCCCAGAGTGTTTGACTCGTCCGGTACGTACTTTGCCTGGTAGAAATCGGTAACCGAAgcagtgTGAGCCCGGAAGATGAAATCCAGCAACTGGAAGAAGAGATCGCTCAGCTGGAACAGAAGAACGCGGCGCTGAAGGAGAAGAACCAGGCCCTGAAGTACGGCCCAGAgagaccGGCTGCGACGGTCTTg
>P4-C3,ACGCCTGTGTCTGGTTAGAACCGATCTCGCACTCGGAGGCCCAGAGTGTTTGACTCGTCCGGTACGTACTTTGCCTGGTAGAAATCGGTAACCGAAgcagtgTGTCGCCAGAAGACAAGATCGCGCAGCTGAAACAGAAGATCCAGGCCCTGAAACAAGAGAACCAACAGCTGGAAGAGGAGAACGCCGCCCTGGAATACGGTCCAGAgagaccGGCTGCGACGGTCTTg
>P5-C3,ACGCCTGTGTCTGGTTAGAACCGATCTCGCACTCGGAGGCCCAGAGTGTTTGACTCGTCCGGTACGTACTTTGCCTGGTAGAAATCGGTAACCGAAgcagtgTGAGTCCAGAAGATGAGAATGCGGCTCTGGAAGAGAAGATTGCGCAGCTGAAACAGAAGAATGCGGCACTGAAAGAGGAAATTCAGGCCCTGGAGTATGGTCCAGAgagaccGGCTGCGACGGTCTTg
>P6-C3,ACGCCTGTGTCTGGTTAGAACCGATCTCGCACTCGGAGGCCCAGAGTGTTTGACTCGTCCGGTACGTACTTTGCCTGGTAGAAATCGGTAACCGAAgcagtgTGAGCCCGGAGGATAAGAATGCAGCGCTGAAAGAAGAGATCCAGGCTCTGGAAGAGGAGAACCAGGCCCTGGAGGAGAAGATCGCACAGCTGAAATATGGTCCAGAgagaccGGCTGCGACGGTCTTg
>P7-C3,ACGCCTGTGTCTGGTTAGAACCGATCTCGCACTCGGAGGCCCAGAGTGTTTGACTCGTCCGGTACGTACTTTGCCTGGTAGAAATCGGTAACCGAAgcagtgTGAGCCCAGAAGATGAAATCCAAGCACTGGAGGAGAAGAATGCACAGCTGAAACAGGAAATCGCCGCCCTGGAAGAGAAGAATCAAGCCCTGAAATATGGTCCAGAgagaccGGCTGCGACGGTCTTg
>P8-C3,ACGCCTGTGTCTGGTTAGAACCGATCTCGCACTCGGAGGCCCAGAGTGTTTGACTCGTCCGGTACGTACTTTGCCTGGTAGAAATCGGTAACCGAAgcagtgTGAGCCCGGAAGATAAGATTGCTCAGCTGAAAGAAGAGAACCAGCAGCTGGAGCAGAAGATCCAGGCCCTGAAAGAGGAGAACGCAGCCCTGGAATATGGTCCAGAgagaccGGCTGCGACGGTCTTg
>P9-C3,ACGCCTGTGTCTGGTTGACTCCACAGATAGAACCGATCTCGCACTCGGAGGCCCAGAGTGTTTGACTCGTCCGGTACGTACTTTGCCTGGTAGAAATCGGTAACCGAAgcagtgTGGAGAACCAGGCCCTGGAACAGAAGAACGCCCAACTGAAACAGGAGATCGCGGCGCTGGAACAAGAAATCGCACAGCTGGAATACGGCCCAGAgagaccGGCTGCGACGGTCTTg
>P10-C3,ACGCCTGTGTCTGGTTGACTCCACAGATAGAACCGATCTCGCACTCGGAGGCCCAGAGTGTTTGACTCGTCCGGTACGTACTTTGCCTGGTAGAAATCGGTAACCGAAgcagtgTGAAGAACGCACAGCTGAAAGAAGAGAACGCCGCACTGGAAGAGAAGATCCAACAACTGAAAGAGAAGATTCAGGCACTGAAATACGGCCCAGAgagaccGGCTGCGACGGTCTTg
>P11-C3,ACGCCTGTGTCTGGTTGACTCCACAGATAGAACCGATCTCGCACTCGGAGGCCCAGAGTGTTTGACTCGTCCGGTACGTACTTTGCCTGGTAGAAATCGGTAACCGAAgcagtgTGGAGAATCAGGCGCTGGAACAGGAAATCGCGCAACTGGAGCAAGAAATTGCGGCCCTGGAACAGAAGAATGCACAGCTGAAATACGGCCCAGAgagaccGGCTGCGACGGTCTTg
>P12-C3,ACGCCTGTGTCTGGTTGACTCCACAGATAGAACCGATCTCGCACTCGGAGGCCCAGAGTGTTTGACTCGTCCGGTACGTACTTTGCCTGGTAGAAATCGGTAACCGAAgcagtgTGAAGAATGCTCAACTGAAGGAGAAGATCGCGGCCCTGAAGGAGAAGATCCAGCAGCTGAAAGAAGAGAATCAGGCGCTGGAATATGGTCCAGAgagaccGGCTGCGACGGTCTTg
>P3mS-C3,ACGCCTGTGTCTGGTTGACTCCACAGATAGAACCGATCTCGCACTCGGAGGCCCAGAGTGTTTGACTCGTCCGGTACGTACTTTGCCTGGTAGAAATCGGTAACCGAAgcagtgTGGAAATCCAACAGCTGGAGGAAGAGATCAGCCAACTGGAGCAGAAGAATAGCCAGCTGAAAGAGAAGAATCAGCAGCTGAAATATGGCCCAGAgagaccGGCTGCGACGGTCTTg
>P4mS-C3,ACGCCTGTGTCTGGTTGACTCCACAGATAGAACCGATCTCGCACTCGGAGGCCCAGAGTGTTTGACTCGTCCGGTACGTACTTTGCCTGGTAGAAATCGGTAACCGAAgcagtgTGAAGATTTCGCAGCTGAAACAGAAGATCCAGCAGCTGAAACAGGAGAATCAACAGCTGGAAGAGGAGAATAGCCAGCTGGAATACGGCCCAGAgagaccGGCTGCGACGGTCTTg
>P5mS-C3,ACGCCTGTGTCTGGTTGACTCCACAGATAGAACCGATCTCGCACTCGGAGGCCCAGAGTGTTTGACTCGTCCGGTACGTACTTTGCCTGGTAGAAATCGGTAACCGAAgcagtgTGGAGAATAGCCAACTGGAAGAGAAGATCAGCCAGCTGAAGCAGAAGAACTCGCAGCTGAAGGAAGAAATCCAGCAGCTGGAGTATGGCCCAGAgagaccGGCTGCGACGGTCTTg
>P6mS-C3,ACGCCTGTGTCTGGTTGACTCCACAGATAGAACCGATCTCGCACTCGGAGGCCCAGAGTGTTTGACTCGTCCGGTACGTACTTTGCCTGGTAGAAATCGGTAACCGAAgcagtgTGAAGAACAGCCAACTGAAAGAGGAAATTCAGCAGCTGGAAGAAGAGAATCAACAGCTGGAAGAGAAGATTTCGCAGCTGAAATACGGCCCAGAgagaccGGCTGCGACGGTCTTg
>P7mS-C3,ACGCCTGTGTCTGGTTGACTCCACAGATAGAACCGATCTCGCACTCGGAGGCCCAGAGTGTTTGACTCGTCCGGTACGTACTTTGCCTGGTAGAAATCGGTAACCGAAgcagtgTGGAAATTCAGAGCCTGGAGGAGAAGAACTCGCAACTGAAGCAGGAAATTTCGCAACTGGAAGAGAAGAACCAGCAGCTGAAATATGGCCCAGAgagaccGGCTGCGACGGTCTTg
>P8mS-C3,ACGCCTGTGTCTGGTTGACTCCACAGATAGAACCGATCTCGCACTCGGAGGCCCAGAGTGTTTGACTCGTCCGGTACGTACTTTGCCTGGTAGAAATCGGTAACCGAAgcagtgTGAAGATTAGTCAGCTGAAAGAGGAGAACCAGCAGCTGGAACAGAAGATCCAACAACTGAAAGAGGAGAACAGCCAACTGGAATATGGCCCAGAgagaccGGCTGCGACGGTCTTg
>P5SC1-C3,ACGCCTGTGTCTGGTCTCCACAGATAGAACCGATCTCGCACTCGGAGGCCCAGAGTGTTTGACTCGTCCGGTACGTACTTTGCCTGGTAGAAATCGGTAACCGAAgcagtgTGGAGAATAGCCAACTGGAGGAGAAGATTAGTCAGCTGAAACAGAAGAACAGCCGTCTGAAAGAAGAAATCGCGCGCCTGGAGTACGGTTGTCCAGAgagaccGGCTGCGACGGTCTTg
>P6SC1-C3,ACGCCTGTGTCTGGTCTCCACAGATAGAACCGATCTCGCACTCGGAGGCCCAGAGTGTTTGACTCGTCCGGTACGTACTTTGCCTGGTAGAAATCGGTAACCGAAgcagtgTGAAGAACAGCCAGCTGAAAGAGGAAATCCAGCAGCTGGAAGAAGAGAACCAACAACTGGAGGAGAAGATTCGCCAGCTGAAATATGGTTGTCCAGAgagaccGGCTGCGACGGTCTTg
>P5SC2-C3,ACGCCTGTGTCTGGTCTCCACAGATAGAACCGATCTCGCACTCGGAGGCCCAGAGTGTTTGACTCGTCCGGTACGTACTTTGCCTGGTAGAAATCGGTAACCGAAgcagtgTGGAGAACGCTCGCCTGGAGGAGAAGATTCGCCAACTGAAACAGAAAAATTCGCAGCTGAAAGAAGAGATCCAGCAACTGGAGTATGGTTGTCCAGAgagaccGGCTGCGACGGTCTTg
>P6SC2-C3,ACGCCTGTGTCTGGTCTCCACAGATAGAACCGATCTCGCACTCGGAGGCCCAGAGTGTTTGACTCGTCCGGTACGTACTTTGCCTGGTAGAAATCGGTAACCGAAgcagtgTGAAGAACGAGCGTCTGAAAGAAGAAATCCAACGTCTGGAGCAAGAGAACCAGCAGCTGGAAGAGAAGATTAGCCAGCTGAAATACGGCTGTCCAGAgagaccGGCTGCGACGGTCTTg
>P3_rev-C3,TCGCGGAGTTGAGGTTTAGCCGTACTTCAGGGCCTGGTTCTTCTCCTTCAGCGCCGCGTTCTTCTGTTCCAGCTGAGCGATCTCTTCTTCCAGTTGCTGGATTTCATCTTCCGGGCTaggAgaagagcTGCCTCAATCTAGTCTTCATTCGCAGACCTAGCCGGATCGACCGTGCTACCGTTTCCGTAAGCCGAAACCGGAGAGCAAGACTACGGCTCGGCAACttcttc
>P4_rev-C3,TCGCGGAGTTGAGGTTTAACCGTATTCCAGGGCGGCGTTCTCCTCTTCCAGCTGTTGGTTCTCTTGTTTCAGGGCCTGGATCTTCTGTTTCAGCTGCGCGATCTTGTCTTCTGGCGAaggAgaagagcTGCCTCAATCTAGTCTTCATTCGCAGACCTAGCCGGATCGACCGTGCTACCGTTTCCGTAAGCCGAAACCGGAGAGCAAGACTACGGCTCGGCAACttcttc
>P5_rev-C3,TCGCGGAGTTGAGGTTTAACCATACTCCAGGGCCTGAATTTCCTCTTTCAGTGCCGCATTCTTCTGTTTCAGCTGCGCAATCTTCTCTTCCAGAGCCGCATTCTCATCTTCTGGACTaggAgaagagcTGCCTCAATCTAGTCTTCATTCGCAGACCTAGCCGGATCGACCGTGCTACCGTTTCCGTAAGCCGAAACCGGAGAGCAAGACTACGGCTCGGCAACttcttc
>P6_rev-C3,TCGCGGAGTTGAGGTTTAACCATATTTCAGCTGTGCGATCTTCTCCTCCAGGGCCTGGTTCTCCTCTTCCAGAGCCTGGATCTCTTCTTTCAGCGCTGCATTCTTATCCTCCGGGCTaggAgaagagcTGCCTCAATCTAGTCTTCATTCGCAGACCTAGCCGGATCGACCGTGCTACCGTTTCCGTAAGCCGAAACCGGAGAGCAAGACTACGGCTCGGCAACttcttc
>P7_rev-C3,TCGCGGAGTTGAGGTTTAACCATATTTCAGGGCTTGATTCTTCTCTTCCAGGGCGGCGATTTCCTGTTTCAGCTGTGCATTCTTCTCCTCCAGTGCTTGGATTTCATCTTCTGGGCTaggAgaagagcTGCCTCAATCTAGTCTTCATTCGCAGACCTAGCCGGATCGACCGTGCTACCGTTTCCGTAAGCCGAAACCGGAGAGCAAGACTACGGCTCGGCAACttcttc
>P8_rev-C3,TCGCGGAGTTGAGGTTTAACCATATTCCAGGGCTGCGTTCTCCTCTTTCAGGGCCTGGATCTTCTGCTCCAGCTGCTGGTTCTCTTCTTTCAGCTGAGCAATCTTATCTTCCGGGCTaggAgaagagcTGCCTCAATCTAGTCTTCATTCGCAGACCTAGCCGGATCGACCGTGCTACCGTTTCCGTAAGCCGAAACCGGAGAGCAAGACTACGGCTCGGCAACttcttc
>P9_rev-C3,TCGCGGAGTTGAGGTTTAGCCGTATTCCAGCTGTGCGATTTCTTGTTCCAGCGCCGCGATCTCCTGTTTCAGTTGGGCGTTCTTCTGTTCCAGGGCCTGGTTCTCaggAgaagagcTGCCTCAATCTAGTCTTCATTCGCAGACCTAGCCGGATCGACCGTGCTACCGTTTCCGTAAGCCGAAACCGGAGAGCAAGAGGGCGTCATACCCTACGGCTCGGCAACttcttc
>P10_rev-C3,TCGCGGAGTTGAGGTTTAGCCGTATTTCAGTGCCTGAATCTTCTCTTTCAGTTGTTGGATCTTCTCTTCCAGTGCGGCGTTCTCTTCTTTCAGCTGTGCGTTCTTaggAgaagagcTGCCTCAATCTAGTCTTCATTCGCAGACCTAGCCGGATCGACCGTGCTACCGTTTCCGTAAGCCGAAACCGGAGAGCAAGAGGGCGTCATACCCTACGGCTCGGCAACttcttc
>P11_rev-C3,TCGCGGAGTTGAGGTTTAGCCGTATTTCAGCTGTGCATTCTTCTGTTCCAGGGCCGCAATTTCTTGCTCCAGTTGCGCGATTTCCTGTTCCAGCGCCTGATTCTCaggAgaagagcTGCCTCAATCTAGTCTTCATTCGCAGACCTAGCCGGATCGACCGTGCTACCGTTTCCGTAAGCCGAAACCGGAGAGCAAGAGGGCGTCATACCCTACGGCTCGGCAACttcttc
>P12_rev-C3,TCGCGGAGTTGAGGTTTAACCATATTCCAGCGCCTGATTCTCTTCTTTCAGCTGCTGGATCTTCTCCTTCAGGGCCGCGATCTTCTCCTTCAGTTGAGCATTCTTaggAgaagagcTGCCTCAATCTAGTCTTCATTCGCAGACCTAGCCGGATCGACCGTGCTACCGTTTCCGTAAGCCGAAACCGGAGAGCAAGAGGGCGTCATACCCTACGGCTCGGCAACttcttc
>P3mS_rev-C3,TCGCGGAGTTGAGGTTTAGCCATATTTCAGCTGCTGATTCTTCTCTTTCAGCTGGCTATTCTTCTGCTCCAGTTGGCTGATCTCTTCCTCCAGCTGTTGGATTTCaggAgaagagcTGCCTCAATCTAGTCTTCATTCGCAGACCTAGCCGGATCGACCGTGCTACCGTTTCCGTAAGCCGAAACCGGAGAGCAAGAGGGCGTCATACCCTACGGCTCGGCAACttcttc
>P4mS_rev-C3,TCGCGGAGTTGAGGTTTAGCCGTATTCCAGCTGGCTATTCTCCTCTTCCAGCTGTTGATTCTCCTGTTTCAGCTGCTGGATCTTCTGTTTCAGCTGCGAAATCTTaggAgaagagcTGCCTCAATCTAGTCTTCATTCGCAGACCTAGCCGGATCGACCGTGCTACCGTTTCCGTAAGCCGAAACCGGAGAGCAAGAGGGCGTCATACCCTACGGCTCGGCAACttcttc
>P5mS_rev-C3,TCGCGGAGTTGAGGTTTAGCCATACTCCAGCTGCTGGATTTCTTCCTTCAGCTGCGAGTTCTTCTGCTTCAGCTGGCTGATCTTCTCTTCCAGTTGGCTATTCTCaggAgaagagcTGCCTCAATCTAGTCTTCATTCGCAGACCTAGCCGGATCGACCGTGCTACCGTTTCCGTAAGCCGAAACCGGAGAGCAAGAGGGCGTCATACCCTACGGCTCGGCAACttcttc
>P6mS_rev-C3,TCGCGGAGTTGAGGTTTAGCCGTATTTCAGCTGCGAAATCTTCTCTTCCAGCTGTTGATTCTCTTCTTCCAGCTGCTGAATTTCCTCTTTCAGTTGGCTGTTCTTaggAgaagagcTGCCTCAATCTAGTCTTCATTCGCAGACCTAGCCGGATCGACCGTGCTACCGTTTCCGTAAGCCGAAACCGGAGAGCAAGAGGGCGTCATACCCTACGGCTCGGCAACttcttc
>P7mS_rev-C3,TCGCGGAGTTGAGGTTTAGCCATATTTCAGCTGCTGGTTCTTCTCTTCCAGTTGCGAAATTTCCTGCTTCAGTTGCGAGTTCTTCTCCTCCAGGCTCTGAATTTCaggAgaagagcTGCCTCAATCTAGTCTTCATTCGCAGACCTAGCCGGATCGACCGTGCTACCGTTTCCGTAAGCCGAAACCGGAGAGCAAGAGGGCGTCATACCCTACGGCTCGGCAACttcttc
>P8mS_rev-C3,TCGCGGAGTTGAGGTTTAGCCATATTCCAGTTGGCTGTTCTCCTCTTTCAGTTGTTGGATCTTCTGTTCCAGCTGCTGGTTCTCCTCTTTCAGCTGACTAATCTTaggAgaagagcTGCCTCAATCTAGTCTTCATTCGCAGACCTAGCCGGATCGACCGTGCTACCGTTTCCGTAAGCCGAAACCGGAGAGCAAGAGGGCGTCATACCCTACGGCTCGGCAACttcttc
>P5SC1_rev-C3,TCGCGGAGTTGAGGTTTAACAACCGTACTCCAGGCGCGCGATTTCTTCTTTCAGACGGCTGTTCTTCTGTTTCAGCTGACTAATCTTCTCCTCCAGTTGGCTATTCTCaggAgaagagcTGCCTCAATCTAGTCTTCATTCGCAGACCTAGCCGGATCGACCGTGCTACCGTTTCCGTAAGCCGAAACCGGAGAGCAAGAGGGCGTCATCTACGGCTCGGCAACttcttc
>P6SC1_rev-C3,TCGCGGAGTTGAGGTTTAACAACCATATTTCAGCTGGCGAATCTTCTCCTCCAGTTGTTGGTTCTCTTCTTCCAGCTGCTGGATTTCCTCTTTCAGCTGGCTGTTCTTaggAgaagagcTGCCTCAATCTAGTCTTCATTCGCAGACCTAGCCGGATCGACCGTGCTACCGTTTCCGTAAGCCGAAACCGGAGAGCAAGAGGGCGTCATCTACGGCTCGGCAACttcttc
>P5SC2_rev-C3,TCGCGGAGTTGAGGTTTAACAACCATACTCCAGTTGCTGGATCTCTTCTTTCAGCTGCGAATTTTTCTGTTTCAGTTGGCGAATCTTCTCCTCCAGGCGAGCGTTCTCaggAgaagagcTGCCTCAATCTAGTCTTCATTCGCAGACCTAGCCGGATCGACCGTGCTACCGTTTCCGTAAGCCGAAACCGGAGAGCAAGAGGGCGTCATCTACGGCTCGGCAACttcttc
>P6SC2_rev-C3,TCGCGGAGTTGAGGTTTAACAGCCGTATTTCAGCTGGCTAATCTTCTCTTCCAGCTGCTGGTTCTCTTGCTCCAGACGTTGGATTTCTTCTTTCAGACGCTCGTTCTTaggAgaagagcTGCCTCAATCTAGTCTTCATTCGCAGACCTAGCCGGATCGACCGTGCTACCGTTTCCGTAAGCCGAAACCGGAGAGCAAGAGGGCGTCATCTACGGCTCGGCAACttcttc
